"prot_id","n_observable_peptides","n_Aminoacids"
"thrL",13,128
"thrA",35,642
"thrB",20,223
"thrC",17,169
"yaaX",61,680
"yaaA",28,382
"yaaJ",29,265
"talB",4,55
"mog",21,423
"satP",33,211
"yaaW",42,540
"yaaI",36,287
"dnaK",10,74
"dnaJ",41,741
"insL1",47,384
"hokC",24,231
"mokC",22,234
"nhaA",24,307
"nhaR",82,725
"insB1",53,518
"insA",30,362
"rpsT",63,464
"yaaY",31,318
"ribF",39,461
"ileS",34,454
"lspA",34,341
"fkpB",30,328
"ispH",8,58
"rihC",25,361
"dapB",25,405
"carA",24,254
"carB",25,246
"caiF",24,307
"caiE",41,482
"caiD",9,87
"caiC",16,212
"caiB",46,333
"caiA",20,119
"caiT",28,267
"fixA",25,396
"fixB",27,332
"fixC",62,591
"fixX",42,462
"yaaU",34,263
"kefF",64,744
"kefC",78,835
"folA",11,241
"apaH",37,290
"apaG",26,482
"rsmA",44,510
"pdxA",46,530
"surA",105,1630
"lptD",26,322
"djlA",6,56
"rluA",8,102
"rapA",25,265
"polB",73,1112
"araD",45,560
"araA",27,290
"araB",21,308
"araC",12,127
"yabI",5,86
"thiQ",69,638
"thiP",24,203
"thiB",54,557
"sgrR",31,312
"sgrT",8,93
"setA",6,111
"leuD",19,194
"leuC",48,526
"leuB",20,286
"leuA",188,1487
"leuL",6,55
"leuO",4,59
"ilvI",51,610
"ilvH",14,117
"cra",66,685
"mraZ",13,82
"rsmH",10,120
"ftsL",16,230
"ftsI",59,674
"murE",24,272
"murF",18,201
"mraY",23,230
"murD",18,171
"ftsW",47,446
"murG",20,346
"murC",16,253
"ddlB",12,182
"ftsQ",54,519
"ftsA",34,294
"ftsZ",19,281
"lpxC",13,305
"secM",20,181
"secA",10,120
"mutT",21,272
"yacG",13,174
"zapD",32,290
"coaE",55,485
"guaC",44,422
"hofC",65,703
"hofB",27,383
"ppdD",24,307
"nadC",17,212
"ampD",8,72
"ampE",27,273
"aroP",100,989
"pdhR",31,468
"aceE",26,413
"aceF",30,331
"lpd",47,399
"yacH",14,177
"acnB",8,79
"yacL",50,616
"speD",25,267
"speE",42,367
"yacC",9,121
"cueO",47,639
"gcd",19,303
"hpt",3,38
"can",62,536
"yadG",15,109
"yadH",36,382
"yadI",14,177
"yadE",34,405
"panD",7,66
"yadD",36,363
"panC",62,625
"panB",23,294
"yadC",28,419
"yadK",30,323
"yadL",12,153
"yadM",23,266
"htrE",29,331
"yadV",40,357
"yadN",37,431
"folK",7,80
"pcnB",160,2517
"gluQ",33,404
"dksA",3,74
"sfsA",101,1193
"ligT",65,446
"hrpB",16,91
"mrcB",11,89
"fhuA",94,810
"fhuC",26,386
"fhuD",6,92
"fhuB",35,354
"hemL",41,444
"clcA",8,77
"erpA",9,117
"yadS",16,234
"btuF",35,230
"mtn",41,469
"dgt",28,280
"degP",14,69
"cdaR",35,462
"yaeH",33,307
"yaeI",32,339
"dapD",18,278
"glnD",32,533
"map",21,416
"rpsB",18,294
"tsf",40,494
"pyrH",4,90
"frr",35,336
"dxr",25,386
"ispU",4,47
"cdsA",19,174
"rseP",23,430
"bamA",29,275
"skp",41,341
"lpxD",104,1118
"fabZ",25,287
"lpxA",127,1373
"lpxB",31,493
"rnhB",16,117
"dnaE",21,268
"accA",15,148
"ldcC",34,350
"yaeR",41,510
"tilS",26,361
"rof",104,1300
"yaeP",12,96
"yaeQ",106,845
"arfB",14,139
"nlpE",4,63
"yaeF",36,423
"proS",9,203
"tsaA",9,117
"rcsF",41,491
"metQ",35,440
"metI",22,226
"metN",22,252
"gmhB",26,240
"dkgB",40,439
"yafC",30,274
"yafD",99,850
"yafE",55,589
"mltD",104,843
"gloB",20,119
"yafS",22,214
"rnhA",13,132
"dnaQ",30,415
"yafT",9,112
"ykfM",11,87
"yafV",76,705
"ivy",15,112
"fadE",11,136
"gmhA",26,220
"yafJ",20,151
"yafK",13,111
"yafQ",10,119
"dinJ",6,87
"yafL",14,173
"rayT",43,400
"dinB",94,1141
"yafN",15,144
"yafO",32,251
"yafP",48,496
"pepD",17,198
"gpt",55,374
"frsA",20,215
"phoE",53,458
"proB",28,333
"proA",23,407
"ykfI",62,605
"yafW",9,201
"ykfH",26,264
"ykfG",29,474
"yafX",20,294
"ykfF",55,603
"ykfB",18,226
"yafY",18,157
"yafZ",23,231
"ykfA",31,503
"perR",17,164
"insI1",40,338
"insH1",26,331
"mmuP",18,248
"mmuM",21,226
"afuC",73,856
"insB1",53,518
"insA",30,362
"yagA",41,533
"yagE",25,247
"yagF",35,420
"yagG",16,277
"yagH",11,267
"yagI",21,237
"argF",19,219
"insB1",53,518
"insA",30,362
"yagK",18,113
"yagL",17,199
"yagM",19,139
"yagN",47,347
"intF",28,535
"paoD",26,308
"paoC",15,135
"paoB",24,254
"paoA",61,533
"yagU",30,278
"ykgJ",28,512
"ecpE",23,206
"ecpD",46,520
"ecpC",23,257
"ecpB",32,356
"ecpA",22,181
"ecpR",21,255
"ykgL",73,788
"ykgO",47,558
"ykgM",21,464
"ykgR",22,212
"insE1",13,180
"insF1",29,349
"rclC",28,227
"rclB",20,160
"rclA",12,191
"rclR",35,413
"ykgE",18,107
"ykgF",9,107
"ykgG",4,60
"ykgH",61,566
"betA",16,162
"betB",40,312
"betI",31,317
"betT",33,330
"yahA",28,381
"yahB",7,72
"yahC",10,218
"yahD",68,620
"yahE",2,20
"yahF",2,20
"yahG",52,528
"yahI",105,1050
"yahJ",43,476
"yahK",27,232
"yahL",52,463
"yahM",19,291
"yahN",14,135
"yahO",20,224
"prpR",9,88
"prpB",9,140
"prpC",15,245
"prpD",22,315
"prpE",28,267
"codB",14,123
"codA",49,423
"cynR",19,219
"cynT",32,245
"cynS",84,707
"cynX",34,354
"lacA",24,279
"lacY",47,521
"lacZ",10,149
"lacI",28,290
"mhpR",43,475
"mhpA",45,554
"mhpB",42,356
"mhpC",28,487
"mhpD",24,264
"mhpF",27,265
"mhpE",8,118
"mhpT",44,352
"yaiL",37,373
"frmB",21,402
"frmA",20,228
"frmR",31,507
"yaiO",24,94
"insC1",44,397
"insD1",58,570
"yaiP",65,646
"yaiS",81,693
"tauA",21,375
"tauB",28,358
"tauC",15,259
"tauD",12,122
"hemB",12,149
"insF1",29,349
"insE1",13,180
"yaiV",20,188
"ampH",38,384
"sbmA",8,78
"yaiW",29,283
"yaiY",28,234
"yaiZ",51,556
"ddlA",19,345
"iraP",34,360
"phoA",36,332
"psiF",61,566
"yaiC",30,332
"proC",87,851
"yaiI",25,511
"aroL",25,294
"yaiA",34,343
"aroM",30,303
"yaiE",26,227
"rdgC",34,318
"mak",9,96
"araJ",14,269
"sbcC",58,545
"sbcD",63,518
"phoB",50,513
"phoR",55,510
"brnQ",20,248
"proY",36,350
"malZ",17,135
"acpH",43,355
"queA",27,242
"tgt",31,351
"yajC",45,503
"secD",22,192
"secF",15,143
"yajD",14,123
"tsx",20,234
"yajI",87,1116
"nrdR",41,494
"ribD",11,172
"ribE",27,246
"nusB",17,135
"thiL",13,148
"pgpA",11,93
"yajO",29,505
"dxs",27,396
"ispA",36,304
"xseB",141,1660
"thiI",52,525
"yajL",18,167
"panE",26,330
"yajQ",27,382
"yajR",86,868
"cyoE",62,611
"cyoD",24,429
"cyoC",36,593
"cyoB",41,475
"cyoA",27,345
"ampG",20,225
"yajG",37,364
"bolA",72,803
"tig",33,405
"clpP",17,122
"clpX",24,292
"lon",67,766
"hupB",24,228
"ppiD",36,307
"ybaV",52,521
"fadM",31,368
"queC",102,1050
"ybaE",18,122
"cof",65,679
"ybaO",23,343
"mdlA",32,227
"mdlB",16,206
"glnK",13,149
"amtB",32,431
"tesB",24,342
"ybaY",27,458
"ybaZ",29,287
"ybaA",63,734
"ylaB",36,600
"ylaC",7,119
"maa",80,838
"hha",5,61
"tomB",44,392
"acrB",23,326
"acrA",38,353
"acrR",21,152
"mscK",17,152
"ybaM",32,262
"priC",26,181
"ybaN",27,354
"apt",89,953
"dnaX",46,451
"ybaB",12,149
"recR",6,145
"htpG",31,331
"adk",8,132
"hemH",33,275
"aes",49,476
"gsk",11,129
"ybaL",23,189
"fsr",26,274
"ushA",42,483
"ybaK",40,418
"ybaP",24,437
"ybaQ",19,201
"copA",15,130
"glsA",14,190
"ybaT",45,539
"cueR",17,128
"ybbJ",25,146
"qmcA",22,237
"fetA",36,367
"fetB",22,244
"ybbN",17,118
"ybbO",15,148
"tesA",13,199
"ybbA",15,234
"ybbP",20,118
"rhsD",31,288
"ybbC",12,138
"mnmH",12,167
"allS",73,660
"allA",48,621
"allR",14,135
"gcl",34,547
"hyi",35,359
"glxR",9,89
"ybbW",10,139
"allB",22,185
"ybbY",32,359
"glxK",8,91
"allE",45,357
"allC",45,378
"allD",17,168
"fdrA",35,463
"ylbE",25,457
"ylbF",44,521
"ybcF",15,135
"purK",55,583
"purE",72,675
"lpxH",31,324
"ppiB",25,345
"cysS",24,251
"ybcI",40,338
"ybcJ",22,254
"folD",48,418
"sfmA",8,148
"sfmC",18,307
"sfmD",33,385
"sfmH",56,558
"sfmF",19,351
"sfmZ",37,363
"intD",32,281
"insE1",13,180
"insF1",29,349
"emrE",35,416
"ybcK",11,64
"ybcL",30,466
"ybcM",30,472
"ylcH",22,439
"ybcN",40,493
"ninE",22,415
"ybcO",13,141
"rusA",17,222
"ylcG",16,173
"quuD",25,464
"insH1",26,331
"essD",26,215
"rrrD",22,159
"rzpD",28,260
"rzoD",24,376
"borD",35,352
"ybcV",82,845
"ybcW",32,433
"ylcI",14,110
"nohD",32,338
"appY",67,684
"ompT",24,226
"envY",69,800
"ybcH",11,128
"nfrA",36,393
"nfrB",9,99
"cusS",19,174
"cusR",47,562
"cusC",17,145
"cusF",18,134
"cusB",12,201
"cusA",27,312
"pheP",29,286
"ybdG",29,340
"nfsB",39,370
"ybdF",35,363
"ybdJ",18,196
"ybdK",36,430
"hokE",46,405
"insL1",47,384
"entD",21,117
"fepA",31,348
"fes",60,637
"ybdZ",13,123
"entF",25,205
"fepE",29,396
"fepC",27,279
"fepG",29,405
"fepD",15,151
"entS",19,182
"fepB",55,467
"entC",14,189
"entE",23,276
"entB",4,31
"entA",17,165
"entH",50,595
"cstA",54,643
"ybdD",32,474
"ybdH",8,79
"ybdL",30,410
"ybdM",27,321
"ybdN",21,277
"ybdO",32,476
"dsbG",11,108
"ahpC",22,275
"ahpF",21,252
"uspG",66,704
"ybdR",46,568
"rnk",13,78
"rna",41,483
"citT",52,415
"citG",29,434
"citX",10,111
"citF",41,425
"citE",26,232
"citD",20,119
"citC",46,333
"citA",31,313
"citB",38,362
"dcuC",9,78
"pagP",7,68
"cspE",69,691
"flc",18,237
"tatE",48,447
"lipA",16,406
"ybeF",31,299
"lipB",13,190
"ybeD",26,179
"dacA",31,338
"rlpA",45,480
"mrdB",17,154
"mrdA",33,366
"rlmH",14,175
"rsfS",27,421
"cobC",32,488
"nadD",28,490
"holA",23,299
"lptE",18,244
"leuS",55,600
"ybeL",34,459
"ybeQ",15,171
"ybeR",26,409
"djlB",51,420
"ybeT",28,313
"ybeU",19,176
"djlC",19,224
"hscC",39,502
"rihA",17,236
"gltL",45,394
"gltK",45,350
"gltJ",32,439
"gltI",5,129
"insH1",26,331
"lnt",3,33
"ybeX",13,279
"ybeY",24,286
"ybeZ",23,273
"miaB",61,609
"ubiF",30,205
"asnB",43,361
"umpH",34,431
"nagC",33,312
"nagA",23,271
"nagB",53,502
"nagE",12,127
"glnS",40,491
"chiP",19,139
"chiQ",47,347
"fur",39,374
"uof",55,595
"fldA",21,269
"ybfE",32,317
"ybfF",53,730
"seqA",26,404
"pgm",16,99
"ybfP",17,212
"potE",15,124
"speF",28,272
"ybfK",21,151
"kdpE",111,1284
"kdpD",29,405
"kdpC",16,160
"kdpB",13,89
"kdpA",33,228
"kdpF",6,93
"ybfA",13,207
"rhsC",35,330
"ybfB",33,263
"ybfC",70,907
"ybfD",28,391
"ybgA",22,213
"phr",17,175
"dtpD",44,365
"ybgI",18,117
"ybgJ",14,180
"ybgK",20,193
"ybgL",35,365
"nei",33,284
"abrB",33,269
"ybgO",28,319
"ybgP",30,364
"ybgQ",24,437
"ybgD",25,235
"gltA",33,418
"sdhC",22,303
"sdhD",23,280
"sdhA",89,858
"sdhB",169,1821
"sucA",10,132
"sucB",31,317
"sucC",41,313
"sucD",30,262
"mngR",23,309
"mngA",33,532
"mngB",24,225
"cydA",30,205
"cydB",14,138
"cydX",14,122
"ybgE",24,195
"ybgC",21,366
"tolQ",24,231
"tolR",21,273
"tolA",24,477
"tolB",47,376
"pal",8,83
"ybgF",21,167
"nadA",15,192
"pnuC",2,19
"zitB",47,489
"ybgS",100,728
"aroG",42,515
"gpmA",34,346
"galM",32,240
"galK",14,182
"galT",12,164
"galE",33,378
"modF",2,30
"modE",23,411
"acrZ",26,287
"modA",12,126
"modB",55,326
"modC",14,206
"ybhA",3,28
"pgl",25,298
"ybhD",17,106
"ybhH",134,1023
"ybhI",59,553
"ybhJ",14,163
"ybhC",79,789
"ybhB",27,320
"bioA",35,494
"bioB",44,579
"bioF",29,195
"bioC",29,280
"bioD",35,368
"uvrB",18,200
"ybhK",47,493
"moaA",17,190
"moaB",30,327
"moaC",16,94
"moaD",20,218
"moaE",36,400
"ybhL",44,584
"ybhM",7,116
"ybhN",50,494
"clsB",15,188
"ybhP",27,308
"ybhQ",80,724
"ybhR",33,241
"ybhS",15,112
"ybhF",41,354
"ybhG",22,154
"ybiH",25,345
"rhlE",72,785
"ybiA",21,178
"dinG",26,242
"ybiB",45,521
"ybiC",50,440
"ybiJ",19,121
"ybiI",20,104
"ybiX",16,199
"fiu",23,178
"mcbA",16,146
"rlmF",19,291
"ybiO",25,348
"glnQ",87,893
"glnP",69,740
"glnH",48,401
"dps",35,302
"rhtA",20,257
"ompX",22,221
"opgE",75,664
"mntS",59,728
"mntR",29,313
"ybiR",14,106
"ldtB",84,851
"ybiT",46,464
"ybiU",9,92
"ybiV",9,106
"ybiW",26,237
"ybiY",20,279
"fsaA",55,464
"moeB",32,341
"moeA",40,381
"iaaA",22,129
"gsiA",30,363
"gsiB",29,294
"gsiC",34,510
"gsiD",60,788
"yliE",63,610
"yliF",7,123
"rimO",5,96
"bssR",13,121
"yliI",39,328
"gstB",22,263
"dacC",26,296
"deoR",23,187
"ybjG",20,207
"mdfA",40,526
"ybjH",22,212
"ybjI",22,206
"ybjJ",30,270
"rcdA",36,435
"ybjL",46,522
"ybjM",13,107
"grxA",26,269
"ybjC",26,294
"nfsA",14,150
"rimK",24,415
"ybjN",19,181
"potF",48,501
"potG",8,79
"potH",15,119
"potI",23,322
"ybjO",39,322
"rlmC",43,403
"artJ",37,434
"artM",30,282
"artQ",46,495
"artI",34,218
"artP",20,304
"ybjP",8,97
"ybjQ",35,244
"amiD",17,186
"ybjS",29,270
"ybjT",18,234
"ltaE",30,540
"poxB",20,119
"hcr",11,123
"hcp",13,93
"ybjE",32,359
"aqpZ",10,130
"ybjD",20,344
"ybjX",90,868
"macA",20,323
"macB",16,182
"cspD",15,104
"clpS",39,409
"clpA",13,98
"infA",66,820
"aat",33,291
"cydC",21,203
"cydD",76,718
"trxB",7,155
"lrp",15,157
"ftsK",29,210
"lolA",11,87
"rarA",47,1296
"serS",26,197
"dmsA",23,353
"dmsB",21,354
"dmsC",21,436
"ycaC",34,342
"ycaD",164,1649
"ycaM",58,850
"ycaN",47,384
"ycaK",19,272
"pflA",14,138
"pflB",24,133
"focA",45,594
"ycaO",19,256
"ycaP",47,422
"serC",47,500
"aroA",37,509
"ycaL",27,251
"cmk",18,242
"rpsA",18,308
"ihfB",48,473
"ycaI",59,530
"msbA",8,69
"lpxK",28,244
"ycaQ",14,167
"ycaR",20,310
"kdsB",34,362
"ycbJ",37,532
"elyC",33,423
"smtA",11,205
"mukF",40,387
"mukE",29,305
"mukB",81,873
"ldtD",23,320
"ycbK",29,325
"ycbL",31,294
"aspC",9,92
"ompF",61,500
"asnS",13,141
"pncB",73,720
"pepN",47,347
"ssuB",62,474
"ssuC",44,362
"ssuD",14,83
"ssuA",31,191
"ssuE",65,533
"elfA",33,324
"elfD",47,393
"elfC",9,163
"elfG",58,531
"ycbU",27,481
"ycbV",14,179
"ycbF",19,247
"pyrD",14,163
"zapC",52,567
"ycbX",25,236
"rlmL",16,202
"uup",32,513
"pqiA",74,899
"pqiB",28,266
"pqiC",17,196
"rmf",9,129
"fabA",2,38
"ycbZ",29,159
"matP",19,317
"ompA",59,538
"sulA",11,120
"sxy",34,358
"yccS",29,341
"yccF",17,148
"helD",19,212
"mgsA",10,130
"yccT",17,172
"yccU",9,96
"hspQ",34,313
"rlmI",12,181
"yccX",11,100
"tusE",39,403
"yccA",26,167
"hyaA",98,988
"hyaB",16,230
"hyaC",60,602
"hyaD",26,331
"hyaE",22,324
"hyaF",34,370
"cbdA",31,340
"cbdB",7,171
"cbdX",17,217
"appA",54,528
"etk",22,190
"etp",51,523
"gfcE",12,103
"gfcD",3,104
"gfcC",20,233
"gfcB",20,267
"gfcA",72,769
"insA",30,362
"insB1",53,518
"cspH",24,255
"cspG",12,144
"ymcE",39,380
"gnsA",12,108
"yccM",27,381
"torS",10,103
"torT",38,342
"torR",44,388
"torC",23,223
"torA",4,110
"torD",46,521
"cbpM",33,348
"cbpA",30,501
"yccE",46,420
"agp",30,321
"yccJ",43,498
"wrbA",38,353
"ymdF",5,52
"rutG",21,201
"rutF",65,620
"rutE",28,554
"rutD",15,230
"rutC",27,505
"rutB",21,335
"rutA",42,713
"rutR",29,280
"putA",7,81
"putP",56,641
"efeO",32,272
"efeB",24,334
"phoH",41,467
"pgaD",30,481
"pgaC",28,379
"pgaB",5,79
"pgaA",53,527
"ycdT",68,722
"insF1",29,349
"insE1",13,180
"ycdU",41,350
"ghrA",7,82
"ycdX",4,70
"ycdY",34,343
"ycdZ",46,526
"csgG",30,520
"csgF",28,342
"csgE",38,700
"csgD",10,213
"csgB",23,318
"csgA",34,487
"csgC",3,111
"ymdA",20,208
"ymdB",6,46
"clsC",11,73
"opgC",30,275
"opgG",18,205
"opgH",30,301
"yceK",14,169
"msyB",27,278
"mdtG",8,77
"lpxL",12,105
"yceA",121,1386
"yceI",72,717
"yceJ",31,354
"yceO",7,86
"solA",29,260
"bssS",33,268
"dinI",18,139
"pyrC",30,229
"yceB",63,551
"grxB",6,83
"mdtH",23,187
"rimJ",29,360
"yceH",35,381
"yceM",54,503
"murJ",89,883
"flgN",13,210
"flgM",33,284
"flgA",25,345
"flgB",67,690
"flgC",52,563
"flgD",22,328
"flgE",25,327
"flgF",92,873
"flgG",52,493
"flgH",51,491
"flgI",16,142
"flgJ",41,411
"flgK",23,230
"flgL",42,441
"rne",34,307
"yceQ",29,512
"rluC",42,393
"yceF",12,173
"yceD",22,218
"rpmF",33,340
"plsX",60,676
"fabH",76,496
"fabD",17,150
"fabG",16,157
"acpP",108,1045
"fabF",22,251
"pabC",26,233
"yceG",36,402
"tmk",20,321
"holB",13,142
"ycfH",22,314
"ptsG",33,408
"fhuE",12,100
"hinT",14,135
"ycfL",14,111
"lpoB",21,180
"thiK",10,165
"nagZ",13,118
"ycfP",42,336
"ndh",13,225
"ycfJ",39,359
"ycfQ",7,65
"bhsA",58,712
"ldtC",12,212
"mfd",30,446
"ycfT",22,241
"lolC",17,188
"lolD",36,380
"lolE",24,245
"nagK",23,474
"cobB",20,458
"ycfZ",38,423
"ymfA",6,110
"potD",34,273
"potC",55,521
"potB",29,499
"potA",87,1111
"pepT",46,556
"roxA",32,412
"phoQ",53,516
"phoP",39,530
"purB",21,258
"hflD",47,553
"mnmA",48,472
"nudJ",34,296
"rluE",29,338
"icd",45,374
"ymfD",22,198
"ymfE",34,410
"lit",77,729
"intE",21,191
"xisE",14,149
"ymfI",8,126
"ymfJ",15,145
"cohE",26,348
"croE",9,88
"ymfL",24,268
"ymfM",66,667
"ymfR",26,525
"ymfQ",33,357
"stfP",34,241
"tfaP",22,280
"tfaE",9,131
"pinE",33,353
"mcrA",68,748
"iraM",45,454
"ycgX",19,208
"bluR",34,351
"bluF",72,538
"ycgZ",11,167
"ymgA",15,118
"ariR",22,197
"ymgC",10,113
"ycgG",5,78
"ymgF",43,392
"ymgD",111,1217
"ymgG",21,201
"ymgI",2,19
"ymgJ",48,426
"minE",47,468
"minD",45,546
"minC",34,424
"ycgJ",29,422
"pliG",20,166
"ycgL",31,397
"ycgM",28,279
"ycgN",18,201
"hlyE",57,621
"umuD",45,505
"umuC",41,443
"dsbB",26,317
"nhaB",22,269
"fadR",46,535
"ycgB",74,1107
"dadA",26,284
"dadX",26,317
"cvrA",82,1130
"ldcA",52,488
"emtA",73,626
"ycgR",7,91
"ymgE",34,355
"ycgY",24,203
"treA",31,274
"dhaM",78,822
"dhaL",101,1090
"dhaK",31,326
"dhaR",48,527
"ycgV",22,293
"ychF",32,346
"pth",21,333
"ychH",50,479
"dauA",43,597
"prs",40,451
"ispE",12,67
"lolB",8,156
"hemA",17,225
"prfA",15,119
"prmC",34,341
"ychQ",19,159
"ychA",31,404
"kdsA",15,154
"ldrA",4,25
"ldrB",47,347
"ldrC",19,139
"chaA",25,441
"chaB",86,1110
"chaC",31,390
"ychN",16,151
"ychO",16,87
"narL",13,147
"narX",21,203
"narK",15,220
"narG",36,423
"narH",28,539
"narJ",45,480
"narI",21,238
"tpr",25,184
"purU",37,371
"ychJ",51,508
"rssA",69,727
"rssB",50,615
"galU",24,243
"hns",21,230
"tdk",42,394
"adhE",33,475
"ychE",26,194
"oppA",11,142
"oppB",25,271
"oppC",36,358
"oppD",81,889
"oppF",38,403
"yciU",31,210
"clsA",21,172
"yciY",13,75
"kch",10,97
"yciI",38,481
"tonB",17,176
"yciA",17,138
"yciB",27,153
"yciC",40,368
"ompW",2,22
"yciE",42,248
"yciF",24,152
"yciG",26,144
"trpA",24,313
"trpB",49,480
"trpC",59,604
"trpD",34,296
"trpE",14,124
"trpL",10,91
"yciV",22,126
"yciO",23,139
"yciQ",26,203
"rluB",30,475
"btuR",12,86
"yciK",28,171
"sohB",17,155
"yciN",22,189
"topA",24,259
"cysB",21,285
"ymiA",49,563
"yciX",18,101
"acnA",22,108
"ribA",34,293
"pgpB",3,18
"yciS",21,150
"yciM",12,70
"pyrF",30,260
"yciH",13,50
"osmB",18,205
"yciT",26,126
"yciZ",31,166
"gmr",40,550
"ymiB",12,164
"rnb",11,157
"yciW",24,146
"fabI",35,464
"ycjD",44,277
"sapF",16,187
"sapD",10,73
"sapC",66,812
"sapB",60,572
"sapA",99,786
"ymjA",47,491
"puuP",20,178
"puuA",47,384
"puuD",21,205
"puuR",7,75
"puuC",38,388
"puuB",24,238
"puuE",52,698
"pspF",73,735
"pspA",39,371
"pspB",31,376
"pspC",33,418
"pspD",25,246
"pspE",20,298
"ycjM",54,327
"ycjN",22,121
"ycjO",33,233
"ycjP",32,240
"ycjQ",18,120
"ycjR",14,153
"ycjS",61,550
"ycjT",24,294
"ycjU",65,715
"ompG",30,339
"ycjW",50,542
"ycjX",43,440
"ycjF",23,133
"tyrR",106,1227
"tpx",51,552
"ycjG",20,112
"mpaA",10,110
"ycjY",15,160
"pgrR",39,472
"mppA",27,296
"ynaI",35,350
"insH1",26,331
"ynaJ",9,110
"uspE",21,475
"fnr",32,353
"ogt",34,323
"abgT",8,195
"abgB",39,355
"abgA",27,502
"abgR",19,213
"smrA",74,517
"ydaM",35,422
"ydaN",15,167
"dbpA",32,450
"ttcA",24,461
"intR",34,515
"ydaQ",12,236
"ydaC",13,181
"ralR",110,984
"recT",26,307
"recE",12,164
"racC",21,278
"ydaE",11,135
"kilR",24,271
"sieB",29,271
"ydaF",18,212
"ydaG",30,356
"racR",59,607
"ydaS",19,176
"ydaT",11,74
"ydaU",75,971
"ydaV",47,440
"rzoR",18,136
"trkG",21,306
"ynaK",56,481
"insH1",26,331
"stfR",75,612
"tfaR",26,282
"pinR",19,200
"ynaE",66,680
"uspF",15,176
"ompN",16,276
"pfo",43,430
"ydbJ",9,103
"hslJ",133,1380
"ldhA",21,216
"ydbH",29,152
"ynbE",16,156
"ydbL",12,130
"feaR",25,275
"feaB",36,419
"tynA",56,472
"paaZ",15,259
"paaA",25,246
"paaB",16,174
"paaC",8,111
"paaD",60,611
"paaE",36,366
"paaF",17,244
"paaG",49,505
"paaH",23,169
"paaI",20,394
"paaJ",19,173
"paaK",34,368
"paaX",13,150
"paaY",14,134
"ynbG",132,944
"insD1",58,570
"insC1",44,397
"insI1",40,338
"ydbC",80,784
"ydbD",34,212
"ynbA",54,472
"ynbB",52,386
"ynbC",8,72
"ynbD",51,482
"azoR",26,281
"hrpA",16,381
"ydcF",8,79
"aldA",36,398
"cybB",119,1238
"ydcA",8,135
"hokB",27,309
"mokB",43,425
"trg",10,95
"ydcI",12,77
"ydcJ",54,654
"opgD",19,168
"ydcH",11,206
"rimL",34,439
"ydcK",18,202
"tehA",16,180
"tehB",34,394
"ydcL",77,713
"insQ",7,91
"ydcO",8,79
"ydcN",35,374
"ydcP",27,315
"yncJ",5,136
"hicA",14,74
"hicB",13,101
"ydcR",15,148
"ydcS",26,236
"ydcT",68,767
"ydcU",34,439
"ydcV",16,203
"patD",40,373
"yncL",31,242
"ydcX",20,219
"ydcY",12,67
"ydcZ",19,208
"mnaT",28,238
"curA",21,448
"mcbR",14,185
"yncD",27,269
"yncE",6,138
"ansP",27,310
"yncG",35,266
"yncH",18,236
"ydcD",42,312
"ydcC",25,265
"pptA",11,123
"yddH",49,505
"nhoA",59,485
"yddE",13,120
"narV",90,742
"narW",31,378
"narY",62,680
"narZ",26,363
"narU",40,385
"yddG",13,280
"fdnG",41,357
"fdnH",31,380
"fdnI",30,506
"yddM",6,60
"adhP",12,187
"maeA",15,190
"sra",34,389
"bdm",10,89
"osmC",66,642
"ddpF",5,114
"ddpD",46,333
"ddpC",20,119
"ddpB",77,463
"ddpA",25,234
"ddpX",74,581
"dosP",28,276
"dosC",33,332
"yddW",27,471
"gadC",13,67
"gadB",15,201
"pqqL",9,101
"yddB",97,943
"yddA",20,412
"ydeM",32,392
"ydeN",25,458
"ydeO",14,131
"safA",30,374
"ydeP",27,318
"ydeQ",31,438
"ydeR",33,419
"ydeS",9,128
"hipA",21,154
"hipB",15,112
"lsrK",60,519
"lsrR",54,492
"lsrA",29,356
"lsrC",20,359
"lsrD",59,575
"lsrB",22,319
"lsrF",12,204
"lsrG",80,878
"tam",11,109
"yneE",41,427
"uxaB",38,335
"yneF",59,599
"yneG",6,96
"glsB",63,535
"sad",23,231
"yneJ",13,122
"yneK",19,267
"ydeA",32,371
"marC",20,146
"marR",3,74
"marA",15,235
"marB",20,163
"eamA",73,705
"ydeE",25,301
"yneM",28,278
"dgcZ",10,107
"ydeI",17,277
"ydeJ",32,274
"dcp",30,384
"ydfG",37,315
"rspR",22,212
"ydfZ",22,200
"ydfI",54,482
"ydfK",34,395
"pinQ",41,413
"tfaQ",15,133
"stfQ",84,812
"ynfO",25,288
"ydfO",26,198
"gnsB",23,241
"ynfN",19,167
"cspI",53,618
"rzpQ",24,453
"rzoQ",49,535
"rrrQ",26,222
"ydfR",42,453
"essQ",34,286
"cspB",53,476
"cspF",15,137
"quuQ",33,426
"ydfU",21,154
"rem",12,195
"hokD",49,466
"relE",7,106
"relB",31,644
"ydfV",12,157
"flxA",36,369
"dicC",45,451
"dicA",39,495
"ydfA",36,336
"ydfB",40,373
"ydfC",23,274
"dicB",11,120
"ydfD",23,247
"rspB",41,388
"rspA",66,732
"ynfA",37,390
"ynfB",25,489
"speG",15,127
"ynfC",9,110
"ynfD",16,169
"ynfE",23,238
"ynfF",33,316
"ynfG",20,248
"ynfH",5,96
"dmsD",27,344
"clcB",32,395
"ynfK",19,149
"mlc",35,380
"ynfL",11,114
"ynfM",19,93
"asr",20,200
"ydgU",53,626
"ydgD",22,207
"mdtI",12,95
"mdtJ",27,203
"tqsA",79,967
"pntB",2,20
"pntA",22,240
"ydgH",62,772
"ydgI",19,240
"folM",13,118
"ydgC",79,928
"rstA",83,1119
"rstB",4,23
"tus",38,342
"fumC",24,259
"fumA",11,190
"manA",26,333
"ydgA",28,286
"uidC",15,177
"uidB",20,160
"uidA",3,28
"uidR",52,510
"hdhA",3,63
"malI",27,368
"malX",50,532
"malY",28,342
"add",23,278
"ydgJ",31,163
"blr",17,163
"cnu",104,1152
"ydgK",20,311
"rsxA",31,405
"rsxB",13,79
"rsxC",15,246
"rsxD",71,741
"rsxG",35,271
"rsxE",28,314
"nth",14,201
"dtpA",9,77
"gstA",28,330
"pdxY",32,341
"tyrS",10,116
"pdxH",41,535
"mliC",2,43
"anmK",10,155
"slyB",12,170
"slyA",72,671
"ydhI",28,185
"ydhJ",96,869
"ydhK",11,85
"sodC",51,395
"ydhF",35,273
"ydhL",57,829
"nemR",34,348
"nemA",33,359
"gloA",46,333
"rnt",40,426
"lhr",19,348
"grxD",25,293
"mepH",4,66
"sodB",20,248
"ydhP",9,87
"ynhF",18,230
"purR",75,660
"ydhB",58,597
"ydhC",47,496
"cfa",21,223
"ribC",57,561
"mdtK",16,118
"ydhQ",32,323
"ydhR",24,279
"ydhS",31,257
"ydhT",16,206
"ydhU",25,462
"ydhX",86,986
"ydhW",95,892
"ydhV",76,770
"ydhY",32,369
"ydhZ",43,450
"pykF",12,231
"lpp",55,432
"ldtE",67,651
"sufE",8,159
"sufS",17,176
"sufD",59,625
"sufC",14,168
"sufB",19,165
"sufA",5,83
"ydiH",65,565
"menI",10,82
"ydiJ",84,898
"ydiK",42,519
"ydiL",51,482
"ydiM",53,710
"ydiN",79,806
"ydiB",70,601
"aroD",27,292
"ydiF",7,114
"ydiO",35,401
"ydiP",15,211
"ydiQ",22,467
"ydiR",21,196
"ydiS",39,369
"ydiT",21,251
"fadK",35,416
"ppsA",15,105
"ppsR",19,293
"aroH",47,432
"ydiE",22,298
"ydiU",40,385
"ydiV",23,185
"nlpC",3,26
"btuD",29,251
"btuE",13,207
"btuC",76,916
"ihfA",50,544
"pheT",34,360
"pheS",21,223
"pheM",24,268
"rplT",27,438
"rpmI",79,749
"infC",25,325
"thrS",30,319
"yniD",21,341
"ydiY",44,436
"pfkB",11,132
"ydiZ",12,103
"yniA",19,224
"yniB",33,503
"yniC",25,244
"ydjM",26,262
"ydjN",26,280
"ydjO",35,459
"cedA",23,406
"katE",19,158
"chbG",25,293
"chbF",30,317
"chbR",29,344
"chbA",39,316
"chbC",26,339
"chbB",61,614
"osmE",20,181
"nadE",24,290
"cho",44,441
"ves",12,114
"spy",43,415
"astE",27,262
"astB",24,259
"astD",64,635
"astA",29,168
"astC",28,302
"xthA",27,586
"ydjX",17,324
"ydjY",38,407
"ydjZ",18,144
"ynjA",22,307
"ynjB",15,140
"ynjC",68,715
"ynjD",24,269
"ynjE",42,353
"ynjF",22,206
"nudG",4,50
"ynjH",15,82
"gdhA",36,414
"ynjI",40,486
"topB",13,116
"selD",47,472
"ydjA",27,193
"sppA",39,424
"ansA",33,330
"pncA",46,496
"ydjE",9,102
"ydjF",56,635
"ydjG",13,158
"ydjH",29,275
"ydjI",43,398
"ydjJ",15,296
"ydjK",18,312
"ydjL",49,486
"yeaC",38,405
"msrB",28,448
"gapA",15,152
"yeaD",40,323
"yeaE",37,388
"mipA",57,659
"yeaG",28,249
"yeaH",52,548
"yeaI",22,219
"yeaJ",11,100
"yeaK",19,137
"yoaI",61,560
"yeaL",14,221
"yeaM",66,798
"yeaN",10,90
"yeaO",16,236
"yoaF",11,126
"yeaP",17,201
"yoaK",17,347
"yoaJ",22,362
"yeaQ",24,428
"yoaG",20,196
"yeaR",28,376
"leuE",9,65
"dmlR",27,297
"dmlA",48,424
"yeaV",17,211
"yeaW",52,575
"yeaX",27,340
"rnd",17,136
"fadD",21,333
"yeaY",17,293
"tsaB",16,196
"yoaA",13,224
"yoaB",74,650
"yoaC",118,1376
"yoaH",43,360
"pabB",10,270
"nudL",24,317
"sdaA",32,368
"yoaD",11,124
"yoaE",8,90
"manX",45,506
"manY",27,319
"manZ",40,410
"yobD",35,217
"mntP",5,82
"rlmA",20,288
"cspC",110,894
"yobF",43,492
"yebO",26,399
"mgrB",10,118
"yobH",16,170
"kdgR",100,1219
"yebQ",85,995
"htpX",30,366
"prc",30,398
"proQ",37,346
"msrC",27,314
"yebS",48,402
"yebT",54,593
"rsmF",22,254
"yebV",15,365
"yebW",36,435
"pphA",34,383
"yebY",40,538
"yebZ",13,123
"yobA",38,369
"holE",3,38
"yobB",39,495
"exoX",100,976
"ptrB",31,342
"yebE",14,146
"yebF",167,1577
"yebG",16,143
"purT",18,111
"eda",47,529
"edd",59,614
"zwf",24,202
"yebK",55,432
"pykA",21,266
"lpxM",35,370
"mepM",33,371
"znuA",32,354
"znuC",46,456
"znuB",49,508
"ruvB",69,738
"ruvA",12,148
"yobI",88,799
"yebB",21,274
"ruvC",18,299
"yebC",39,306
"nudB",31,299
"aspS",8,73
"yecD",32,281
"yecE",73,752
"yecN",22,450
"cmoA",5,98
"cmoB",39,342
"torZ",26,249
"torY",27,225
"cutC",13,85
"yecM",16,132
"argS",26,176
"yecT",13,201
"flhE",20,197
"flhA",26,435
"flhB",5,98
"cheZ",15,106
"cheY",36,404
"cheB",22,424
"cheR",29,207
"tap",14,162
"tar",16,129
"cheW",22,299
"cheA",33,370
"motB",26,443
"motA",33,490
"flhC",26,296
"flhD",24,425
"insB1",53,518
"insA",30,362
"uspC",24,489
"otsA",44,425
"otsB",21,234
"araH",41,348
"araG",22,242
"araF",24,201
"ftnB",24,282
"yecJ",3,29
"azuC",13,170
"yecR",18,159
"ftnA",35,331
"yecH",42,492
"tyrP",107,1068
"yecA",13,156
"pgsA",34,389
"uvrC",62,567
"uvrY",60,636
"yecF",35,314
"sdiA",6,71
"yecC",27,515
"yecS",47,384
"dcyD",63,929
"fliY",11,118
"fliZ",32,307
"fliA",44,604
"fliC",14,138
"fliD",11,95
"fliS",24,265
"fliT",18,189
"amyA",39,499
"yedD",17,231
"yedE",11,118
"yedF",15,124
"yedK",39,423
"yedL",70,1106
"fliE",11,105
"fliF",24,264
"fliG",37,336
"fliH",7,164
"fliI",42,412
"fliJ",44,420
"fliK",20,336
"fliL",22,302
"fliM",16,177
"fliN",38,412
"fliO",28,270
"fliP",16,237
"fliQ",18,255
"fliR",28,271
"rcsA",44,594
"dsrB",22,483
"yodD",33,347
"yedP",29,270
"yedQ",33,306
"yodC",31,503
"yedI",14,203
"yedA",19,194
"vsr",19,266
"dcm",26,322
"yedJ",28,202
"yedR",51,516
"hchA",64,438
"yedV",53,517
"yedW",62,610
"hiuH",30,273
"yedY",23,222
"yedZ",33,331
"zinT",40,446
"yodB",52,603
"mtfA",55,585
"yeeJ",28,282
"shiA",5,30
"amn",118,1018
"yeeN",32,340
"yeeO",52,549
"cbl",52,566
"nac",22,307
"ldtA",21,306
"cobT",22,214
"cobS",60,663
"cobU",35,390
"insH1",26,331
"insD1",58,570
"insC1",44,397
"flu",53,528
"yeeR",32,459
"yeeS",62,724
"yeeT",125,1281
"cbeA",25,311
"cbtA",12,92
"yeeX",45,412
"yeeA",36,372
"sbmC",66,556
"dacD",56,648
"sbcB",57,581
"yeeD",26,465
"yeeE",87,773
"plaP",16,178
"yoeI",79,976
"yeeY",71,849
"yeeZ",96,967
"yoeB",5,22
"yefM",5,67
"hisL",43,474
"hisG",15,191
"hisD",9,148
"hisC",37,339
"hisB",17,169
"hisH",32,544
"hisA",20,238
"hisF",58,480
"hisI",25,264
"wzzB",37,414
"ugd",30,340
"gnd",15,152
"insH1",26,331
"wbbK",28,273
"wbbJ",34,331
"wbbI",43,534
"wbbH",26,286
"glf",38,451
"wzxB",27,261
"rfbC",15,181
"rfbA",95,1002
"rfbD",67,663
"rfbB",54,498
"wcaN",27,332
"wcaM",23,275
"wcaL",64,726
"wcaK",10,156
"wzxC",12,199
"wcaJ",37,498
"cpsG",14,169
"cpsB",39,405
"wcaI",34,458
"wcaH",31,351
"wcaG",13,181
"gmd",37,438
"wcaF",23,259
"wcaE",34,373
"wcaD",44,431
"wcaC",32,390
"wcaB",28,313
"wcaA",14,224
"wzc",32,357
"wzb",18,155
"wza",19,205
"yegH",39,597
"asmA",24,221
"dcd",26,296
"udk",30,372
"yegE",14,77
"alkA",5,32
"yegD",52,574
"yegI",3,38
"yegJ",31,453
"yegK",44,378
"yegL",35,361
"ibsA",83,726
"ibsB",35,409
"mdtA",18,337
"mdtB",18,94
"mdtC",22,158
"iceT",17,312
"baeS",27,281
"baeR",21,213
"yegP",18,317
"yegQ",26,365
"ogrK",62,552
"yegR",65,599
"yegS",60,622
"insE1",13,180
"insF1",29,349
"gatD",21,255
"gatB",52,649
"gatA",38,409
"gatZ",12,143
"gatY",14,208
"fbaB",29,286
"yegT",28,429
"yegU",13,244
"yegV",20,206
"yegW",14,159
"yegX",65,841
"thiD",40,416
"thiM",28,283
"rcnR",34,330
"rcnA",34,355
"rcnB",71,730
"yehA",25,243
"yehB",28,351
"yehC",18,253
"yehD",16,111
"yehE",8,77
"mrp",44,538
"metG",100,907
"yehI",7,56
"yehK",34,207
"yehL",49,331
"yehM",89,777
"yehP",27,330
"yehR",12,111
"yehS",26,356
"yehT",10,154
"yehU",9,121
"mlrA",10,80
"yohO",24,260
"yehW",40,523
"yehX",43,483
"yehY",38,367
"osmF",12,142
"bglX",25,326
"dld",101,1394
"pbpG",25,240
"yohC",13,141
"yohD",20,172
"yohF",31,341
"yohP",23,219
"dusC",9,95
"yohJ",7,51
"yohK",10,140
"cdd",29,328
"sanA",19,230
"yeiS",16,170
"preT",134,1343
"preA",73,750
"mglC",26,299
"mglA",20,121
"mglB",4,30
"galS",93,776
"yeiB",53,565
"folE",61,708
"yeiG",49,440
"cirA",21,295
"lysP",64,624
"yeiE",26,418
"yeiH",46,319
"nfo",33,492
"yeiI",60,735
"nupX",74,759
"rihB",32,301
"yeiL",40,456
"psuT",23,438
"psuG",23,335
"psuK",26,244
"fruA",32,277
"fruK",15,299
"fruB",89,848
"setB",20,289
"yeiW",11,167
"yeiP",21,177
"yeiQ",28,309
"yeiR",35,366
"lpxT",11,56
"mepS",40,443
"rtn",18,173
"yejA",20,444
"yejB",38,365
"yejE",41,538
"yejF",22,241
"yejG",36,321
"bcr",17,169
"rsuA",16,133
"yejH",18,248
"rplY",21,150
"yejK",17,262
"yejL",38,361
"yejM",41,418
"insH1",26,331
"narP",9,98
"ccmH",18,436
"dsbE",38,339
"ccmF",62,689
"ccmE",52,534
"ccmD",44,432
"ccmC",29,325
"ccmB",63,590
"ccmA",13,104
"napC",34,302
"napB",35,440
"napH",23,204
"napG",20,254
"napA",40,383
"napD",17,252
"napF",24,248
"eco",96,955
"mqo",28,249
"yojI",16,165
"alkB",26,340
"ada",34,537
"apbE",98,984
"ompC",49,372
"rcsD",14,101
"rcsB",8,118
"rcsC",8,135
"atoS",29,295
"atoC",14,231
"atoD",34,376
"atoA",16,150
"atoE",20,210
"atoB",31,301
"yfaP",49,512
"yfaQ",24,225
"yfaT",166,1543
"yfaA",9,115
"gyrA",51,507
"ubiG",28,256
"yfaL",74,688
"nrdA",39,413
"nrdB",59,619
"yfaE",30,412
"inaA",30,380
"glpQ",26,242
"glpT",13,164
"glpA",31,359
"glpB",34,345
"glpC",22,266
"yfaD",48,559
"rhmA",31,536
"rhmT",23,236
"rhmD",20,199
"rhmR",12,195
"yfaY",46,325
"yfaZ",24,176
"nudI",8,86
"ais",56,606
"arnB",101,944
"arnC",74,820
"arnA",90,898
"arnD",26,290
"arnT",30,455
"arnE",28,323
"arnF",40,700
"pmrD",92,1196
"menE",25,160
"menC",15,124
"menB",11,112
"menH",4,45
"menD",14,89
"menF",7,57
"elaB",43,344
"elaA",17,263
"rbn",33,451
"elaD",47,384
"yfbK",34,411
"yfbL",10,129
"yfbM",54,691
"yfbN",39,420
"yfbO",19,214
"yfbP",12,80
"nuoN",13,89
"nuoM",12,136
"nuoL",20,309
"nuoK",13,125
"nuoJ",24,241
"nuoI",4,66
"nuoH",8,85
"nuoG",48,526
"nuoF",91,968
"nuoE",42,468
"nuoC",15,179
"nuoB",43,274
"nuoA",98,780
"lrhA",3,73
"alaA",6,48
"yfbR",25,144
"yfbS",29,579
"yfbT",34,291
"yfbU",41,436
"yfbV",17,173
"ackA",12,103
"pta",27,338
"yfcC",34,372
"yfcD",8,162
"yfcE",11,94
"yfcF",19,162
"yfcG",56,569
"folX",11,83
"yfcH",63,482
"yfcI",36,354
"hisP",39,616
"hisM",34,389
"hisQ",24,327
"hisJ",61,570
"argT",28,261
"ubiX",23,419
"purF",28,392
"cvpA",13,136
"dedD",3,35
"folC",47,376
"accD",51,420
"dedA",36,300
"truA",51,484
"usg",109,1140
"pdxB",26,263
"flk",40,377
"yfcJ",45,389
"fabB",9,105
"mnmC",33,250
"yfcL",35,375
"epmC",65,746
"yfcA",25,297
"mepA",10,71
"aroC",16,223
"prmB",14,257
"smrB",37,329
"yfcO",42,439
"yfcP",45,330
"yfcQ",30,339
"yfcR",38,385
"yfcS",40,358
"yfcV",35,453
"sixA",37,278
"fadJ",31,376
"fadI",35,285
"yfcZ",46,403
"fadL",35,382
"yfdF",44,382
"mlaA",20,215
"yfdC",44,326
"intS",31,466
"gtrA",19,281
"gtrB",18,170
"gtrS",38,386
"yfdK",38,376
"yfdN",40,399
"yfdP",46,357
"yfdQ",48,312
"yfdR",44,417
"yfdS",39,382
"yfdT",49,473
"torI",44,345
"dsdC",59,611
"dsdX",26,251
"dsdA",42,393
"emrY",43,691
"emrK",28,293
"evgA",41,429
"evgS",27,316
"yfdE",44,276
"yfdV",15,173
"oxc",16,144
"frc",51,623
"yfdX",35,304
"ypdI",115,1065
"yfdY",15,70
"lpxP",56,620
"ypdK",20,167
"alaC",25,416
"ypdA",70,673
"ypdB",34,368
"ypdC",7,144
"fryA",49,802
"ypdE",17,183
"ypdF",27,424
"fryC",35,362
"fryB",62,643
"glk",19,284
"yfeO",41,327
"ypeC",32,391
"mntH",20,163
"nupC",23,241
"insL1",47,384
"yfeA",19,96
"yfeC",30,251
"yfeD",42,448
"gltX",5,50
"xapR",34,383
"xapB",30,269
"xapA",17,124
"yfeN",25,237
"yfeR",39,313
"yfeH",13,163
"ypeB",33,398
"ligA",27,224
"zipA",27,265
"cysZ",14,136
"cysK",22,246
"ptsH",28,420
"ptsI",8,91
"crr",19,214
"pdxK",25,329
"yfeK",31,228
"yfeS",15,219
"cysM",23,282
"cysA",23,181
"cysW",159,1584
"cysU",79,882
"cysP",31,299
"ucpA",90,808
"murR",31,148
"murQ",2,15
"murP",35,362
"yfeW",66,625
"yfeX",26,232
"yfeY",13,104
"yfeZ",95,796
"ypeA",57,559
"amiA",43,462
"hemF",11,118
"eutR",29,266
"eutK",62,876
"eutL",12,200
"eutC",35,344
"eutB",19,236
"intZ",32,333
"yffL",73,765
"yffM",24,424
"yffN",22,484
"yffO",47,616
"yffP",75,846
"yffQ",33,492
"yffR",28,421
"yffS",21,328
"eutA",20,266
"eutH",32,384
"eutG",17,364
"eutJ",29,271
"eutE",31,293
"eutN",12,140
"eutM",47,474
"eutD",22,265
"eutT",52,456
"eutQ",63,650
"eutP",6,120
"eutS",101,1033
"maeB",53,493
"talA",19,167
"tktB",95,947
"ypfG",53,553
"nudK",26,482
"aegA",26,298
"narQ",45,491
"acrD",28,300
"ypfM",24,277
"yffB",23,251
"dapE",38,449
"ypfN",30,372
"ypfH",36,367
"tmcA",25,279
"ypfJ",19,457
"purC",28,215
"bamC",13,98
"dapA",22,454
"gcvR",82,807
"bcp",44,529
"hyfA",56,575
"hyfB",4,17
"hyfC",28,320
"hyfD",26,231
"hyfE",64,694
"hyfF",54,344
"hyfG",25,220
"hyfH",26,277
"hyfI",53,401
"hyfJ",10,92
"hyfR",132,997
"focB",17,315
"yfgO",30,468
"bepA",9,163
"yfgD",28,299
"hda",15,116
"uraA",16,207
"upp",23,278
"purM",23,419
"purN",26,256
"ppk",23,288
"ppx",23,366
"yfgF",11,107
"yfgG",25,420
"yfgH",16,165
"yfgI",20,463
"guaA",20,284
"guaB",23,297
"xseA",18,286
"yfgJ",43,630
"der",25,178
"bamB",16,107
"yfgM",38,500
"hisS",23,225
"ispG",22,184
"rodZ",26,229
"rlmN",85,798
"ndk",36,487
"pbpC",26,236
"yfhM",43,604
"sseA",50,477
"sseB",25,221
"pepB",21,267
"iscX",11,74
"fdx",37,382
"hscA",21,251
"hscB",11,127
"iscA",40,351
"iscU",15,83
"iscS",11,81
"iscR",67,477
"trmJ",41,532
"suhB",8,113
"yfhR",3,34
"csiE",13,117
"hcaT",30,326
"iroK",47,504
"hcaR",27,260
"hcaE",49,464
"hcaF",32,252
"hcaC",13,165
"hcaB",40,407
"hcaD",34,250
"yphA",26,212
"yphB",30,368
"yphC",19,139
"yphD",47,347
"yphE",14,122
"yphF",62,503
"yphG",29,434
"yphH",41,412
"glyA",33,380
"hmp",37,508
"glnB",128,1447
"glrR",9,111
"yfhG",43,542
"glrK",9,118
"purL",9,122
"mltF",21,372
"tadA",34,500
"pgpC",39,337
"yfhH",20,215
"yfhL",10,105
"shoB",19,144
"acpS",12,175
"pdxJ",35,350
"recO",19,185
"era",160,1556
"rnc",28,191
"lepB",19,219
"lepA",39,469
"rseC",34,500
"rseB",41,309
"rseA",16,145
"rpoE",20,189
"nadB",24,245
"trmN",5,50
"srmB",71,524
"yfiE",23,416
"eamB",22,176
"grcA",23,216
"ung",34,343
"yfiF",19,184
"trxC",31,290
"yfiP",39,609
"pka",44,448
"pssA",29,322
"yfiM",14,162
"kgtP",12,106
"clpB",44,515
"yfiH",13,132
"rluD",20,270
"bamD",33,281
"raiA",48,609
"pheL",18,213
"pheA",44,398
"tyrA",71,678
"aroF",70,574
"yfiL",12,126
"yfiR",30,326
"yfiN",53,549
"yfiB",3,32
"rplS",23,130
"trmD",48,532
"rimM",57,724
"rpsP",22,187
"ffh",72,525
"ypjD",76,458
"yfjD",33,270
"grpE",23,331
"nadK",13,92
"recN",24,347
"bamE",26,190
"ratB",8,91
"ratA",34,409
"smpB",19,263
"intA",28,343
"yfjH",38,590
"alpA",45,539
"yfjI",15,156
"yfjJ",17,153
"yfjK",11,120
"yfjL",32,447
"yfjM",50,403
"rnlA",31,341
"rnlB",23,467
"yfjP",33,462
"yfjQ",41,422
"yfjR",15,219
"ypjK",18,349
"yfjS",19,310
"yfjT",27,255
"yfjW",23,240
"yfjX",27,296
"yfjY",8,140
"ypjJ",21,339
"yfjZ",104,907
"ypjF",23,278
"ypjA",4,44
"csiD",18,210
"lhgO",25,350
"gabD",92,793
"gabT",35,451
"gabP",82,716
"csiR",62,493
"ygaU",26,144
"yqaE",36,352
"ygaV",12,96
"ygaP",16,62
"stpA",34,390
"alaE",19,219
"ygaC",50,406
"ygaM",60,526
"nrdH",12,110
"nrdI",6,64
"nrdE",20,250
"nrdF",72,708
"proV",23,214
"proW",21,273
"proX",3,29
"ygaZ",45,592
"ygaH",38,403
"mprA",20,280
"emrA",61,615
"emrB",21,270
"luxS",52,517
"gshA",48,387
"yqaA",30,330
"yqaB",70,843
"csrA",22,293
"alaS",46,512
"recX",23,507
"recA",23,274
"pncC",20,173
"mltB",12,204
"srlA",15,186
"srlE",25,139
"srlB",41,449
"srlD",16,175
"srlM",28,282
"srlR",16,97
"srlQ",19,200
"norR",35,396
"norV",29,509
"norW",35,408
"hypF",11,112
"hydN",40,570
"ascG",28,368
"ascF",26,187
"ascB",84,893
"hycI",42,494
"hycH",37,433
"hycG",25,292
"hycF",12,70
"hycE",24,189
"hycD",18,186
"hycC",16,227
"hycB",13,259
"hycA",17,195
"hypA",8,61
"hypB",4,58
"hypC",94,985
"hypD",20,216
"hypE",29,282
"fhlA",27,187
"ygbA",46,500
"mutS",7,41
"pphB",28,453
"ygbI",25,439
"ygbJ",25,415
"ygbK",34,352
"ygbL",27,275
"ygbM",16,203
"ygbN",21,465
"rpoS",29,272
"nlpD",7,88
"pcm",17,281
"umpG",45,441
"truD",42,487
"ispF",13,85
"ispD",13,103
"ftsB",49,488
"ygbE",4,27
"cysC",17,129
"cysN",21,304
"cysD",68,901
"iap",27,275
"ygbF",54,524
"ygbT",20,240
"casE",32,393
"casD",50,726
"casC",25,219
"casB",48,537
"casA",52,608
"ygcB",12,166
"cysH",17,151
"cysI",12,163
"cysJ",36,340
"queD",56,663
"ygcN",36,425
"ygcO",57,594
"ygcP",45,514
"ygcQ",37,662
"ygcR",32,309
"ygcS",30,271
"ygcU",30,286
"ygcW",24,319
"yqcE",36,363
"ygcE",17,211
"queE",57,517
"yqcG",25,473
"ygcG",22,261
"eno",14,122
"pyrG",104,931
"mazG",29,324
"mazF",2,32
"mazE",25,419
"relA",26,534
"rlmD",27,336
"barA",53,403
"gudD",31,403
"gudX",26,249
"gudP",54,539
"yqcA",21,193
"truC",41,487
"yqcC",14,105
"syd",45,466
"queF",19,239
"ygdH",49,505
"sdaC",14,157
"sdaB",52,435
"ygdG",60,668
"fucO",10,188
"fucA",37,417
"fucP",29,261
"fucI",34,352
"fucK",19,209
"fucU",25,380
"fucR",72,938
"rlmM",10,170
"ygdD",38,383
"gcvA",24,401
"ygdI",14,152
"csdA",26,328
"csdE",26,188
"tcdA",23,198
"mltA",13,158
"amiC",34,338
"argA",29,328
"recD",15,116
"recB",49,604
"ptrA",46,608
"recC",49,479
"ppdC",40,459
"ygdB",17,336
"ppdB",13,162
"ppdA",9,102
"thyA",6,96
"lgt",19,197
"ptsP",44,531
"rppH",43,407
"mutH",21,85
"ygdQ",47,506
"ygdR",37,323
"tas",17,125
"lplT",18,222
"aas",14,112
"galR",12,159
"lysA",98,1029
"lysR",42,426
"ygeA",54,566
"araE",61,857
"kduD",17,124
"kduI",35,336
"yqeF",29,289
"yqeG",16,225
"yqeH",10,152
"yqeI",25,293
"yqeJ",30,466
"yqeL",35,407
"yqeK",7,98
"ygeG",20,196
"ygeH",26,181
"ygeI",4,82
"insD1",58,570
"insC1",44,397
"ygeR",15,285
"xdhA",13,104
"xdhB",43,402
"xdhC",22,439
"ygeV",11,136
"ygeW",23,229
"ygeX",72,700
"ygeY",9,156
"hyuA",25,269
"yqeA",60,714
"yqeB",26,326
"yqeC",34,295
"mocA",174,1711
"ygfK",56,553
"ssnA",51,603
"ygfM",48,669
"xdhD",65,776
"xanQ",32,271
"guaD",42,450
"ghxQ",85,998
"ygfS",11,149
"ygfT",61,561
"uacT",13,147
"yqfG",17,102
"idi",60,606
"lysS",55,615
"prfB",40,401
"recJ",67,641
"dsbC",21,203
"xerD",24,201
"fldB",35,445
"cptA",20,159
"sdhE",44,470
"ygfZ",20,340
"yqfA",24,272
"yqfB",17,197
"bglA",26,492
"ygfF",35,364
"gcvP",38,469
"gcvH",3,32
"gcvT",21,169
"ubiI",7,79
"ubiH",19,255
"pepP",19,139
"ygfB",17,168
"zapA",29,287
"fau",23,284
"ibsC",24,286
"serA",4,24
"rpiA",48,611
"argP",77,541
"scpA",23,228
"argK",16,209
"scpB",49,472
"scpC",47,419
"ygfI",61,544
"yggE",32,361
"argO",16,174
"mscS",15,132
"fbaA",4,52
"pgk",34,342
"epd",29,253
"yggC",33,328
"yggD",24,333
"yggF",36,510
"yggP",4,35
"cmtA",31,332
"cmtB",24,417
"tktA",26,142
"loiP",5,61
"speB",35,466
"speA",9,115
"yqgB",35,402
"yqgC",29,266
"metK",14,218
"galP",63,779
"yggI",21,251
"endA",44,511
"rsmE",31,297
"gshB",28,240
"yqgE",31,230
"yqgF",35,232
"yggR",4,19
"yggS",9,95
"yggT",31,339
"yggU",64,679
"rdgB",35,354
"yggW",53,566
"yggM",20,131
"ansB",18,200
"yggN",58,563
"yggL",30,308
"trmI",26,451
"mutY",26,335
"yggX",33,330
"mltC",13,204
"nupG",25,244
"speC",111,967
"yqgA",25,351
"yghD",89,762
"yghG",48,541
"pppA",15,276
"sslE",28,319
"glcA",35,377
"glcB",30,259
"glcG",40,345
"glcF",10,110
"glcE",16,215
"glcD",85,932
"glcC",51,441
"insH1",26,331
"yghQ",54,474
"yghR",12,120
"yghS",59,477
"yghT",36,403
"pitB",33,438
"gss",36,449
"yghU",41,389
"hybG",33,271
"hybF",10,107
"hybE",32,449
"hybD",18,74
"hybC",52,537
"hybB",8,116
"hybA",40,373
"hybO",15,146
"yghW",40,415
"gpr",139,1199
"yqhA",9,190
"yghA",55,545
"exbD",48,705
"exbB",34,274
"metC",24,209
"yghB",14,106
"yqhC",19,197
"yqhD",29,269
"dkgA",71,816
"yqhG",71,949
"yqhH",10,185
"ygiQ",36,485
"ftsP",32,393
"plsC",48,574
"parC",51,502
"ygiS",33,278
"mqsA",17,231
"mqsR",77,776
"ygiV",31,491
"ygiW",39,450
"qseB",31,397
"qseC",86,975
"ygiZ",51,601
"mdaB",10,76
"ygiN",39,397
"parE",27,250
"yqiA",10,176
"cpdA",13,191
"yqiB",15,314
"nudF",12,107
"tolC",30,409
"ygiB",37,457
"ygiC",35,389
"ygiD",32,324
"zupT",24,212
"ribB",18,206
"yqiC",20,466
"ygiL",37,412
"insC1",44,397
"insD1",58,570
"yqiH",47,441
"yqiI",44,529
"glgS",12,175
"yqiJ",29,285
"yqiK",26,302
"ibsD",21,137
"ibsE",34,302
"hldE",16,161
"glnE",44,418
"ygiF",20,244
"ygiM",33,448
"cca",16,239
"bacA",87,900
"folB",79,630
"plsY",24,216
"ttdR",15,154
"ttdA",57,648
"ttdB",37,508
"ttdT",31,273
"tsaD",50,503
"rpsU",38,251
"dnaG",13,149
"rpoD",67,641
"mug",58,605
"yqjH",15,406
"yqjI",28,313
"aer",26,354
"patA",16,152
"ygjH",52,449
"ebgR",18,231
"ebgA",10,114
"ebgC",17,219
"ygjI",39,431
"ygjJ",25,270
"ygjK",36,348
"fadH",40,389
"higA",38,307
"higB",22,252
"rlmG",14,192
"ygjP",86,933
"ygjQ",8,114
"ygjR",8,74
"alx",32,307
"sstT",15,173
"ygjV",29,302
"uxaA",24,260
"uxaC",11,183
"exuT",24,402
"exuR",41,563
"yqjA",11,140
"mzrA",6,102
"yqjC",31,333
"yqjD",32,421
"yqjE",8,160
"yqjK",24,279
"yqjF",15,241
"yqjG",28,211
"yhaH",28,265
"yhaI",85,804
"yhaJ",23,276
"yhaK",32,347
"yhaL",15,140
"yhaM",10,135
"yhaO",20,316
"tdcG",9,69
"tdcF",18,205
"tdcE",11,152
"tdcD",58,575
"tdcC",17,187
"tdcB",27,538
"tdcA",42,431
"tdcR",103,978
"yhaB",25,259
"yhaC",41,339
"garK",51,446
"garR",11,229
"garL",13,105
"garP",16,124
"garD",8,112
"prlF",29,271
"yhaV",17,171
"agaR",20,250
"kbaZ",6,66
"agaV",43,608
"agaS",47,547
"kbaY",34,282
"agaB",36,307
"agaC",28,246
"agaD",101,1068
"agaI",94,876
"yraH",42,424
"yraI",57,482
"yraJ",28,437
"yraK",52,521
"rsmI",79,837
"lpoA",7,76
"yraN",13,66
"diaA",28,254
"yraP",44,392
"yraQ",52,510
"yraR",13,125
"yhbO",17,223
"yhbP",16,221
"yhbQ",42,381
"yhbS",26,291
"yhbT",21,319
"yhbU",33,349
"yhbV",85,837
"yhbW",23,293
"mtr",8,104
"deaD",14,197
"yrbN",157,1326
"nlpI",11,130
"pnp",14,266
"rpsO",34,383
"truB",88,1005
"rbfA",63,604
"infB",18,236
"nusA",25,243
"rimP",15,196
"argG",19,207
"yhbX",24,276
"secG",48,451
"glmM",10,138
"folP",95,852
"ftsH",195,1680
"rlmE",26,208
"yhbY",58,533
"greA",15,188
"dacB",12,171
"obgE",53,655
"yhbE",24,312
"rpmA",57,527
"rplU",27,426
"ispB",83,948
"sfsB",36,432
"murA",11,74
"ibaG",6,62
"mlaB",20,274
"mlaC",33,375
"mlaD",33,562
"mlaE",34,424
"mlaF",29,362
"yrbG",66,529
"kdsD",8,68
"kdsC",79,957
"lptC",23,304
"lptA",8,84
"lptB",19,207
"rpoN",17,140
"hpf",3,38
"ptsN",25,214
"yhbJ",71,679
"npr",30,350
"yrbL",57,585
"mtgA",41,424
"elbB",42,554
"arcB",15,160
"yhcC",72,618
"gltB",64,574
"gltD",95,941
"gltF",5,79
"yhcA",32,282
"yhcD",14,102
"insH1",26,331
"yhcF",19,189
"yhcG",18,275
"yhcH",24,283
"nanK",23,213
"nanE",42,336
"nanT",42,534
"nanA",12,124
"nanR",31,352
"dcuD",30,317
"sspB",17,113
"sspA",9,121
"rpsI",34,332
"rplM",34,379
"zapE",47,486
"yhcB",25,226
"degQ",14,109
"degS",20,139
"mdh",14,90
"argR",30,337
"yhcN",20,181
"yhcO",54,550
"aaeB",81,900
"aaeA",3,23
"aaeX",40,467
"aaeR",28,337
"tldD",16,234
"yhdP",41,483
"rng",19,196
"yhdE",27,259
"mreD",27,274
"mreC",39,462
"mreB",30,435
"csrD",19,170
"acuI",42,422
"accB",75,713
"accC",53,429
"yhdT",18,221
"panF",18,323
"prmA",4,38
"dusB",21,233
"fis",8,50
"yhdJ",35,421
"yhdU",34,516
"acrS",18,214
"acrE",36,418
"acrF",125,1198
"yhdV",29,210
"yhdX",21,195
"yhdY",19,213
"yhdZ",15,103
"yrdA",39,342
"yrdB",29,347
"aroE",18,249
"tsaC",31,312
"yrdD",11,77
"smg",53,593
"smf",25,216
"def",19,169
"fmt",54,626
"rsmB",6,101
"trkA",20,210
"mscL",111,1129
"arfA",51,459
"zntR",29,242
"yhdN",86,814
"rplQ",32,352
"rpoA",20,273
"rpsD",29,291
"rpsK",14,162
"rpsM",45,334
"rpmJ",30,357
"secY",23,268
"rplO",27,441
"rpmD",24,300
"rpsE",34,319
"rplR",20,437
"rplF",53,464
"rpsH",39,473
"rpsN",35,333
"rplE",2,24
"rplX",17,131
"rplN",32,392
"rpsQ",14,232
"rpmC",26,443
"rplP",9,116
"rpsC",40,377
"rplV",51,420
"rpsS",41,493
"rplB",9,100
"rplW",65,793
"rplD",43,348
"rplC",3,83
"rpsJ",20,211
"gspB",15,227
"gspA",12,136
"gspC",36,309
"gspD",40,380
"gspE",24,203
"gspF",48,481
"gspG",21,199
"gspH",25,235
"gspI",7,92
"gspJ",31,350
"gspK",137,1284
"gspL",25,382
"gspM",32,430
"gspO",27,259
"bfr",47,384
"bfd",76,458
"chiA",25,281
"tufA",46,412
"fusA",20,199
"rpsG",27,500
"rpsL",18,158
"tusB",31,431
"tusC",15,161
"tusD",32,299
"yheO",32,359
"fkpA",80,889
"slyX",16,231
"slyD",36,353
"yheV",105,1032
"kefB",43,541
"kefG",38,346
"yheS",22,230
"yheT",50,525
"yheU",39,349
"prkB",31,269
"yhfA",28,237
"crp",65,546
"yhfK",52,508
"argD",27,438
"pabA",4,92
"fic",62,821
"yhfG",35,203
"ppiA",33,366
"tsgA",27,278
"nirB",18,132
"nirD",32,372
"nirC",7,91
"cysG",22,451
"yhfL",1,36
"frlA",55,502
"frlB",55,484
"frlC",94,907
"frlD",25,229
"frlR",14,300
"yhfS",53,521
"yhfT",31,380
"yhfU",48,516
"php",48,454
"yhfW",72,678
"yhfX",32,267
"yhfY",34,359
"yhfZ",34,454
"trpS",94,837
"gph",26,390
"rpe",21,334
"dam",29,512
"damX",49,501
"aroB",8,121
"aroK",24,152
"hofQ",40,598
"hofP",13,104
"hofO",25,218
"hofN",41,403
"hofM",55,1009
"mrcA",56,525
"nudE",7,53
"yrfF",46,761
"yrfG",49,599
"hslR",22,257
"hslO",66,577
"yhgE",35,501
"pck",17,193
"envZ",6,90
"ompR",38,373
"greB",13,70
"yhgF",37,497
"feoA",19,168
"feoB",16,250
"feoC",15,251
"yhgA",24,253
"bioH",12,103
"gntX",15,274
"nfuA",29,323
"gntT",18,420
"malQ",13,108
"malP",32,322
"malT",29,332
"rtcA",31,375
"rtcB",27,318
"rtcR",13,203
"glpG",10,147
"glpE",10,172
"glpD",13,196
"glgP",20,461
"glgA",10,84
"glgC",12,68
"glgX",20,215
"glgB",15,212
"asd",20,170
"yhgN",59,736
"gntU",18,268
"gntK",14,151
"gntR",8,238
"yhhW",17,86
"yhhX",10,81
"yhhY",33,341
"yhhZ",25,235
"insA",30,362
"insB1",53,518
"yrhB",35,487
"ggt",28,194
"yhhA",17,325
"ugpQ",35,427
"ugpC",21,274
"ugpE",24,302
"ugpA",21,250
"ugpB",40,511
"livF",10,86
"livG",13,70
"livM",35,372
"livH",12,149
"livK",37,418
"panM",24,179
"livJ",52,519
"rpoH",25,307
"ftsX",89,958
"ftsE",29,262
"ftsY",30,284
"rsmD",31,368
"yhhL",27,324
"yhhM",23,283
"yhhN",18,216
"zntA",38,376
"tusA",9,83
"yhhQ",25,314
"dcrB",14,182
"yhhS",16,160
"yhhT",35,363
"acpT",10,158
"nikA",43,533
"nikB",53,548
"nikC",18,184
"nikD",2,35
"nikE",7,154
"nikR",27,299
"rhsB",30,327
"yhhH",42,455
"yhhI",34,326
"yhhJ",23,320
"rbbA",34,485
"yhiI",105,1120
"yhiJ",31,307
"yhiM",43,394
"yhiN",55,636
"pitA",31,278
"uspB",89,1044
"uspA",30,288
"dtpB",6,132
"rsmJ",41,356
"prlC",55,615
"rlmJ",30,279
"gor",16,247
"dinQ",32,403
"arsR",28,268
"arsB",33,273
"arsC",38,320
"insH1",26,331
"slp",36,359
"dctR",17,180
"yhiD",30,330
"hdeB",12,77
"hdeA",28,251
"hdeD",17,201
"gadE",21,192
"mdtE",12,68
"mdtF",6,56
"gadW",45,630
"gadX",28,177
"gadA",64,609
"yhjA",35,390
"treF",13,133
"yhjB",34,516
"yhjC",13,160
"yhjD",11,114
"yhjE",21,294
"yhjG",45,463
"yhjH",36,524
"kdgK",46,371
"yhjJ",27,304
"dctA",28,267
"yhjK",28,309
"bcsC",37,404
"bcsZ",13,85
"bcsB",38,388
"bcsA",45,458
"yhjR",25,368
"bcsE",45,461
"bcsF",15,128
"bcsG",10,115
"ldrD",76,458
"yhjV",23,229
"dppF",11,146
"dppD",39,450
"dppC",14,156
"dppB",57,577
"dppA",21,207
"eptB",1,29
"yhjX",20,347
"yhjY",25,249
"tag",27,246
"yiaC",19,184
"bisC",36,267
"yiaD",22,321
"ghrB",11,67
"yiaF",37,356
"yiaG",41,370
"cspA",21,227
"hokA",34,348
"insJ",57,593
"insK",34,377
"glyS",30,244
"glyQ",20,205
"ysaB",32,371
"wecH",29,271
"yiaA",53,509
"yiaB",29,260
"xylB",12,146
"xylA",77,799
"xylF",34,383
"xylG",44,542
"xylH",35,288
"xylR",47,384
"bax",19,168
"malS",18,269
"avtA",15,174
"ysaA",34,337
"yiaJ",28,279
"yiaK",25,279
"yiaL",23,222
"yiaM",16,161
"yiaN",12,110
"yiaO",17,159
"lyxK",7,71
"sgbH",37,432
"sgbU",18,129
"sgbE",44,460
"yiaT",27,274
"yiaU",40,375
"yiaV",55,556
"yiaW",16,296
"aldB",55,577
"yiaY",10,90
"selB",25,308
"selA",31,298
"yibF",60,502
"rhsA",16,136
"yibA",11,171
"yibG",21,196
"yibH",48,366
"yibI",37,377
"mtlA",35,337
"mtlD",21,274
"mtlR",30,342
"yibT",16,120
"yibL",81,812
"lldP",18,281
"lldR",45,518
"lldD",17,329
"trmL",25,247
"cysE",19,328
"gpsA",14,119
"secB",60,675
"grxC",35,447
"yibN",13,83
"gpmM",34,581
"envC",21,459
"yibQ",28,229
"waaH",47,487
"tdh",31,196
"kbl",32,516
"yibB",24,331
"hldD",6,89
"waaF",40,440
"waaC",36,399
"waaL",9,200
"waaU",34,330
"waaZ",38,368
"waaY",66,779
"waaR",39,448
"waaO",15,123
"waaB",8,136
"waaS",19,238
"waaP",19,200
"waaG",34,426
"waaQ",2,20
"waaA",81,1037
"coaD",30,258
"mutM",84,725
"rpmG",25,356
"rpmB",34,327
"yicR",20,239
"dfp",8,67
"dut",44,446
"slmA",30,255
"pyrE",28,314
"yicC",37,422
"dinD",31,489
"yicG",78,887
"ligB",26,248
"gmk",33,339
"rpoZ",32,334
"spoT",2,16
"trmH",20,281
"recG",46,448
"gltS",14,201
"xanP",33,380
"yicH",36,331
"yicI",77,802
"yicJ",25,325
"setC",38,437
"yicL",24,229
"nlpA",2,33
"yicS",77,909
"nepI",24,301
"yicN",26,392
"adeQ",12,106
"adeD",30,343
"uhpT",20,180
"uhpC",31,299
"uhpB",22,231
"uhpA",27,435
"ilvN",19,298
"ilvB",39,260
"ivbL",23,180
"tisB",82,773
"emrD",43,448
"yidF",29,311
"yidG",54,630
"yidH",101,983
"yidI",33,415
"yidJ",21,354
"yidK",23,280
"yidL",48,504
"yidP",35,339
"yidE",13,125
"ibpB",6,39
"ibpA",76,736
"yidQ",44,509
"yidR",32,246
"cbrA",45,504
"dgoT",34,350
"dgoD",14,77
"dgoA",8,75
"dgoK",24,204
"dgoR",36,284
"yidX",10,128
"yidA",22,380
"yidB",13,118
"gyrB",19,231
"recF",27,331
"dnaN",26,387
"dnaA",38,428
"rpmH",12,83
"rnpA",38,480
"yidD",38,329
"yidC",77,841
"mnmE",13,122
"tnaC",22,280
"tnaA",30,417
"tnaB",21,232
"mdtL",10,80
"yidZ",39,405
"yieE",53,666
"chrR",28,282
"adeP",45,472
"yieH",27,311
"cbrB",35,383
"cbrC",32,302
"yieK",31,372
"yieL",38,359
"bglH",12,103
"bglB",25,334
"bglF",35,382
"bglG",29,195
"phoU",51,528
"pstB",28,312
"pstA",20,368
"pstC",31,392
"pstS",24,439
"glmS",18,247
"glmU",35,416
"atpC",19,225
"atpD",62,513
"atpG",22,176
"atpA",39,342
"atpH",28,270
"atpF",33,272
"atpE",24,274
"atpB",31,297
"atpI",34,294
"rsmG",16,174
"mnmG",27,395
"mioC",32,488
"asnC",65,777
"asnA",137,1296
"viaA",56,534
"ravA",35,250
"kup",41,396
"rbsD",31,459
"rbsA",51,446
"rbsC",25,291
"rbsB",32,330
"rbsK",37,437
"rbsR",28,287
"hsrA",17,168
"yieP",37,353
"hdfR",14,126
"yifE",14,140
"yifB",47,440
"ilvL",41,470
"ilvX",37,386
"ilvM",22,315
"ilvE",15,88
"ilvD",14,132
"ilvA",39,363
"ilvY",30,291
"ilvC",9,83
"ppiC",31,278
"rep",25,204
"gpp",26,343
"rhlB",39,438
"trxA",31,480
"rho",23,237
"wecA",56,713
"wzzE",50,385
"wecB",6,48
"wecC",15,85
"rffG",26,245
"rffH",15,162
"wecD",38,422
"wecE",39,502
"wzxE",13,108
"wecF",27,192
"wzyE",21,217
"wecG",33,267
"yifK",27,207
"aslB",47,428
"aslA",25,287
"hemY",8,95
"hemX",17,106
"hemD",30,214
"hemC",17,216
"cyaA",41,437
"cyaY",27,241
"yifL",20,161
"dapF",29,377
"yigA",35,268
"xerC",14,248
"yigB",25,189
"uvrD",46,410
"yigE",14,135
"corA",23,316
"yigF",171,1512
"yigG",187,1593
"rarD",83,843
"yigI",28,207
"pldA",37,316
"recQ",29,266
"rhtC",34,293
"rhtB",17,244
"pldB",80,800
"yigL",47,423
"yigM",20,275
"metR",28,325
"metE",26,261
"ysgA",80,842
"udp",34,453
"rmuC",39,345
"ubiE",88,835
"ubiJ",35,380
"ubiB",14,169
"tatA",11,91
"tatB",18,153
"tatC",73,786
"tatD",28,346
"rfaH",19,343
"ubiD",22,312
"fre",20,223
"fadA",34,380
"fadB",13,251
"pepQ",76,1114
"yigZ",3,68
"trkH",29,287
"hemG",19,152
"mobB",19,233
"mobA",16,150
"yihD",21,231
"srkA",12,132
"dsbA",28,514
"yihF",68,698
"yihG",19,176
"polA",47,461
"yihA",22,272
"yihI",28,284
"hemN",10,87
"yshB",15,178
"glnG",47,469
"glnL",45,485
"glnA",26,238
"typA",51,493
"yihL",37,391
"yihM",28,250
"yihN",18,213
"ompL",32,282
"yihO",14,104
"yihP",28,258
"yihQ",14,154
"yihR",50,514
"yihS",47,488
"yihT",41,469
"yihU",59,587
"yihV",15,142
"yihW",15,161
"yihX",27,335
"yihY",58,590
"dtd",16,201
"yiiD",38,471
"yiiE",68,645
"yiiF",81,809
"fdhE",20,291
"fdoI",12,169
"fdoH",35,462
"fdoG",66,818
"fdhD",40,391
"yiiG",27,301
"frvR",37,398
"frvX",39,465
"frvB",28,257
"frvA",42,628
"rhaM",50,659
"rhaD",23,221
"rhaA",29,340
"rhaB",44,448
"rhaS",19,182
"rhaR",20,235
"rhaT",20,170
"sodA",17,143
"kdgT",16,206
"yiiM",131,1357
"cpxA",25,349
"cpxR",37,361
"cpxP",11,182
"fieF",8,94
"pfkA",12,84
"sbp",27,419
"cdh",22,240
"tpiA",39,401
"yiiQ",54,596
"yiiR",18,246
"yiiS",54,344
"uspD",49,487
"fpr",25,258
"glpX",7,157
"glpK",13,141
"glpF",26,302
"zapB",27,313
"rraA",13,93
"menA",13,91
"hslU",19,243
"hslV",9,38
"ftsN",41,436
"cytR",39,403
"priA",40,417
"rpmE",23,276
"yiiX",22,112
"metJ",16,299
"metB",20,132
"metL",21,438
"metF",6,106
"katG",41,325
"yijE",55,603
"yijF",3,82
"gldA",37,454
"fsaB",8,67
"frwA",26,280
"frwC",74,630
"frwB",27,253
"pflD",14,170
"pflC",34,386
"frwD",17,110
"yijO",20,231
"eptC",11,78
"ppc",31,376
"argE",14,211
"argC",21,284
"argB",39,321
"argH",64,928
"oxyR",38,386
"sthA",11,98
"fabR",19,191
"yijD",41,489
"trmA",26,470
"btuB",39,585
"murI",21,119
"murB",48,525
"birA",30,237
"coaA",34,433
"tufB",10,140
"secE",12,118
"nusG",11,106
"rplK",28,312
"rplA",26,236
"rplJ",27,270
"rplL",77,907
"rpoB",37,359
"rpoC",9,93
"yjaZ",31,521
"thiH",32,516
"thiG",36,372
"thiS",19,325
"thiF",23,197
"thiE",62,811
"thiC",44,523
"rsd",16,140
"nudC",8,76
"hemE",35,312
"nfi",38,384
"yjaG",13,104
"hupA",24,160
"yjaH",13,148
"zraP",75,630
"zraS",15,95
"zraR",84,667
"purD",50,567
"purH",28,368
"yjaA",22,266
"yjaB",69,767
"metA",8,115
"aceB",12,80
"aceA",6,55
"aceK",27,193
"arpA",32,295
"iclR",22,343
"metH",94,900
"yjbB",18,313
"pepE",46,383
"rluF",62,446
"yjbD",40,553
"lysC",78,867
"pgi",2,21
"yjbE",46,442
"yjbF",40,410
"yjbG",38,483
"yjbH",25,330
"yjbT",15,83
"psiE",17,353
"xylE",54,460
"malG",55,565
"malF",29,345
"malE",43,572
"malK",15,344
"lamB",41,441
"malM",37,376
"ubiC",26,289
"ubiA",19,205
"plsB",37,415
"dgkA",19,155
"lexA",29,335
"dinF",38,452
"yjbJ",22,186
"zur",60,585
"yjbL",23,312
"yjbM",92,898
"dusA",28,344
"pspG",31,520
"qorA",47,401
"dnaB",50,585
"alr",34,485
"tyrB",124,1303
"yjbS",32,490
"aphA",74,703
"yjbQ",10,131
"yjbR",27,228
"uvrA",4,44
"ssb",17,279
"yjcB",19,190
"yjcC",16,99
"soxS",68,518
"soxR",91,976
"ghxP",37,393
"yjcE",23,258
"yjcF",37,382
"actP",36,440
"yjcH",9,88
"acs",55,572
"nrfA",19,210
"nrfB",39,492
"nrfC",49,581
"nrfD",40,557
"nrfE",39,362
"nrfF",9,274
"nrfG",26,308
"gltP",23,214
"yjcO",36,362
"fdhF",22,352
"mdtP",41,389
"mdtO",36,286
"mdtN",11,80
"ytcA",36,280
"yjcS",56,526
"alsK",47,537
"alsE",37,391
"alsC",38,452
"alsA",27,387
"alsB",38,475
"alsR",26,331
"rpiB",39,454
"yjdP",17,194
"phnP",38,398
"phnO",27,325
"phnN",31,323
"phnM",20,204
"phnL",31,445
"phnK",50,416
"phnJ",25,413
"phnI",39,369
"phnH",24,219
"phnG",53,424
"phnF",47,384
"phnD",49,516
"phnC",47,434
"yjdN",115,1054
"yjdM",14,131
"crfC",31,330
"yjcZ",40,398
"proP",71,641
"pmrR",29,310
"basS",19,150
"basR",16,112
"eptA",25,581
"adiC",15,174
"adiY",29,308
"adiA",56,675
"melR",22,116
"melA",10,92
"melB",7,57
"yjdF",9,75
"fumB",13,183
"dcuB",15,188
"dcuR",8,187
"dcuS",25,254
"yjdI",26,262
"yjdJ",14,151
"ghoS",13,82
"ghoT",8,77
"lysU",30,282
"dtpC",12,78
"cadA",16,62
"cadB",14,100
"cadC",4,36
"yjdC",37,433
"dsbD",54,563
"cutA",19,201
"dcuA",53,514
"aspA",44,475
"fxsA",40,409
"yjeH",5,97
"groS",25,341
"groL",39,395
"yjeI",56,583
"yjeJ",18,124
"epmB",14,203
"efp",16,239
"ecnA",34,376
"ecnB",25,217
"sugE",14,79
"blc",35,318
"ampC",16,144
"frdD",116,1444
"frdC",26,190
"frdB",28,349
"frdA",52,639
"epmA",98,991
"yjeM",26,179
"yjeN",19,467
"yjeO",46,594
"mscM",21,391
"psd",40,450
"rsgA",23,301
"orn",23,271
"yjeV",38,586
"queG",20,235
"nnr",18,229
"tsaE",28,456
"amiB",36,418
"mutL",37,216
"miaA",45,512
"hfq",15,129
"hflX",12,121
"hflK",6,77
"hflC",9,90
"yjeT",46,475
"purA",35,362
"nsrR",18,169
"rnr",28,539
"rlmB",29,302
"yjfI",62,539
"yjfJ",18,205
"yjfK",31,253
"yjfL",20,337
"yjfM",40,591
"yjfC",9,112
"aidB",34,361
"yjfN",10,137
"bsmA",15,219
"yjfP",20,217
"ulaR",63,654
"ulaG",15,174
"ulaA",3,74
"ulaB",47,347
"ulaC",19,139
"ulaD",34,284
"ulaE",67,818
"ulaF",26,317
"yjfY",31,467
"rpsF",30,327
"priB",21,174
"rpsR",35,330
"rplI",56,620
"yjfZ",23,251
"ytfB",16,194
"fklB",29,299
"cycA",8,61
"ytfE",11,167
"ytfF",20,275
"qorB",36,386
"ytfH",27,267
"cpdB",27,175
"cysQ",20,227
"ytfI",32,256
"ytfJ",24,286
"ytfK",5,82
"ytfL",36,378
"msrA",27,430
"tamA",17,190
"tamB",24,157
"ytfP",12,148
"chpS",31,350
"chpB",20,204
"ppa",46,333
"ytfQ",13,160
"ytfR",19,243
"ytfT",66,594
"yjfF",63,714
"fbp",20,249
"mpl",59,592
"yjgA",78,792
"pmbA",29,241
"nrdG",11,124
"nrdD",19,211
"treC",61,659
"treB",77,646
"treR",38,460
"mgtL",29,490
"mgtA",19,362
"ridA",40,343
"pyrI",16,179
"pyrB",21,227
"pyrL",21,183
"yjgH",48,536
"bdcA",19,176
"bdcR",8,159
"tabA",42,467
"yjgL",49,731
"argI",30,275
"rraB",16,137
"yjgM",42,384
"yjgN",7,97
"valS",14,232
"holC",24,292
"pepA",25,383
"lptF",22,253
"lptG",63,576
"yjgR",65,725
"idnR",20,273
"idnT",15,199
"idnO",43,514
"idnD",5,85
"idnK",32,492
"ahr",42,577
"insC1",44,397
"insD1",58,570
"yjgZ",28,336
"insG",21,262
"yjhB",24,254
"yjhC",17,343
"ythA",26,227
"insI1",40,338
"fecE",18,188
"fecD",43,371
"fecC",30,331
"fecB",84,756
"fecA",17,241
"fecR",6,86
"fecI",21,181
"insA",30,362
"yjhU",15,158
"yjhF",65,574
"yjhG",36,346
"yjhH",28,324
"yjhI",16,164
"sgcR",21,187
"sgcE",121,1415
"sgcA",52,495
"sgcQ",55,572
"sgcC",52,527
"sgcB",29,265
"sgcX",23,233
"yjhP",22,131
"yjhQ",19,270
"yjhX",21,205
"nanS",41,487
"nanM",28,188
"nanC",33,308
"fimB",62,802
"fimE",34,282
"fimA",37,345
"fimI",55,581
"fimC",29,268
"fimD",20,238
"fimF",21,187
"fimG",19,313
"fimH",15,185
"gntP",11,144
"uxuA",19,154
"uxuB",14,101
"uxuR",36,361
"yjiC",26,251
"iraD",27,214
"hypT",51,439
"iadA",6,78
"yjiG",26,277
"yjiH",30,310
"kptA",13,177
"yjiJ",33,386
"yjiK",13,206
"yjiL",17,166
"yjiM",31,271
"yjiN",40,377
"mdtM",8,78
"yjiR",32,293
"yjiS",12,158
"mcrC",28,255
"mcrB",23,270
"symE",53,534
"hsdS",31,494
"hsdM",28,243
"hsdR",63,660
"mrr",10,131
"yjiA",42,419
"yjiX",15,125
"yjiY",71,812
"tsr",34,415
"lgoT",17,90
"lgoR",61,611
"lgoD",46,492
"opgB",19,192
"yjjA",29,320
"dnaC",31,316
"dnaT",29,238
"yjjB",40,539
"yjjP",46,592
"yjjQ",24,468
"bglJ",54,437
"fhuF",21,245
"yjjZ",42,493
"rsmC",11,107
"holD",32,316
"rimI",45,423
"yjjG",3,31
"prfC",55,813
"osmY",54,746
"ytjA",6,58
"yjjU",29,281
"yjjV",63,817
"yjjW",30,331
"yjjI",38,400
"deoC",47,384
"deoA",9,54
"deoB",15,141
"deoD",10,80
"yjjJ",26,247
"lplA",34,532
"ytjB",39,395
"serB",30,325
"radA",18,225
"nadR",82,834
"ettA",33,525
"P02768ups",40,369
"Q15843ups",53,599
"P01112ups",21,212
"P04040ups",7,35
"P02753ups",51,554
"P06396ups",14,178
"P01375ups",11,152
"P15559ups",33,282
"Q06830ups",59,606
"P00167ups",35,320
"P06732ups",9,87
"P02741ups",22,349
"P61626ups",31,269
"P16083ups",16,238
"P10145ups",83,692
"P61769ups",37,534
"P02144ups",25,290
"P08263ups",21,423
"P55957ups",28,210
"P00709ups",51,603
"P69905ups",35,435
"P01344ups",12,103
"P00915ups",13,179
"P08758ups",20,240
"P00918ups",62,715
"P62937ups",33,501
"P00441ups",40,572
"P05413ups",7,113
"O00762ups",39,430
"P41159ups",25,352
"P02788ups",8,90
"P09211ups",14,195
"P01031ups",25,319
"P10636-8ups",9,82
"P01133ups",27,193
"P63165ups",10,130
"P51965ups",37,303
"P12081ups",28,267
"P99999ups",7,84
"P02787ups",15,181
"P10599ups",25,242
"P62988ups",12,147
"P01008ups",41,349
"P01127ups",13,128
"P68871ups",16,152
"P63279ups",41,535
"O76070ups",21,233
"P01579ups",53,526
